{
  "2D": 5007.83800077438,
  "3D": 2173.50200057029,
  "AFK": 7098.0,
  "AssetLib": 776.598000764846,
  "Editor": 70097.7780001165,
  "External": 35979.4200003149,
  "Game": 9506.00499653816,
  "Script": 16654.4150011539
}