{
  "2D": 4669.83600091934,
  "3D": 2110.47200131416,
  "AssetLib": 776.598000764846,
  "Editor": 42311.2509994507,
  "External": 18325.8369994164,
  "Game": 6325.5029976368,
  "Script": 10103.0049993992
}