{
  "2D": 5007.83800077438,
  "3D": 2173.50200057029,
  "AFK": 7098.0,
  "AssetLib": 776.598000764846,
  "Editor": 63780.4800002576,
  "External": 31910.6550004484,
  "Game": 8904.40799760818,
  "Script": 15008.0190000534
}