{
  "2D": 5017.81400060653,
  "3D": 2789.47600030899,
  "AFK": 7098.0,
  "AssetLib": 821.689000844955,
  "Editor": 93214.6619992257,
  "External": 47658.3340015413,
  "Game": 11965.2719955443,
  "Script": 24962.0770003796
}