{
  "2D": 615.288000106812,
  "3D": 2014.37000107765,
  "AssetLib": 776.598000764846,
  "Editor": 25776.7329990864,
  "External": 12977.615000248,
  "Game": 4587.61699819565,
  "Script": 4805.24499869347
}