{
  "2D": 5015.80600070953,
  "3D": 2173.50200057029,
  "AFK": 7098.0,
  "AssetLib": 776.598000764846,
  "Editor": 73059.5370001794,
  "External": 37958.2420003416,
  "Game": 9633.37499642372,
  "Script": 17502.0140013695
}