{
  "2D": 5015.80600070953,
  "3D": 2173.50200057029,
  "AFK": 7098.0,
  "AssetLib": 776.598000764846,
  "Editor": 72384.7960002424,
  "External": 37524.9360003473,
  "Game": 9515.26099658012,
  "Script": 17378.6930012703
}