{
  "2D": 5017.81400060653,
  "3D": 2713.3920006752,
  "AFK": 7098.0,
  "AssetLib": 821.689000844955,
  "Editor": 92439.2459993363,
  "External": 47032.2360014917,
  "Game": 11900.0309953689,
  "Script": 24954.0840003491
}